split,rows,positive_count,positive_rate,score_mean,score_median,score_p90,score_p95,score_p99,avg_score_positive_rows,avg_score_negative_rows
valid_2022,1230288,168,0.00013655339237641918,0.20470246927125113,0.13245462240204797,0.5130512980140383,0.6464639453343664,0.8414498702335051,0.7880336133458333,0.20462280254588733
test_2023,1259335,151,0.0001199045527996919,0.19262032540151897,0.12230175743091355,0.4832180278126397,0.616891885065459,0.8202839538713469,0.5464842113878344,0.1925778904223706
