split,rows,cols,positives,positive_rate,duplicate_npi_year_rows,min_year,max_year,years
test_v4,1259335,243,151,0.0001199045527996919,2,2023,2023,2023
train_v4,4637638,243,516,0.00011126353544627675,49,2018,2021,"2018,2019,2020,2021"
valid_v4,1230288,243,168,0.00013655339237641918,4,2022,2022,2022
