summary_year,rows,unique_npi,positives,positive_rate
2017,1088696,1088666,158,0.00014512774916046353
2018,1121467,1121449,134,0.00011948635135942475
2019,1155877,1155861,107,9.257040325224915e-05
2020,1161541,1161532,127,0.00010933750939484702
2021,1198753,1198747,148,0.0001234616305444074
2022,1230288,1230284,168,0.00013655339237641918
2023,1259335,1259333,151,0.0001199045527996919
ALL,8215957,1666272,993,0.00012086236575970395
