{
  "model": "logreg_v4",
  "C": 0.5,
  "n_train_full": 4637638,
  "n_train_subset": 10836,
  "n_valid": 1230288,
  "train_subset_positive_count": 516,
  "train_subset_negative_count": 10320,
  "valid_positive_count": 168,
  "train_subset_positive_rate": 0.047619047619047616,
  "valid_positive_rate": 0.00013655339237641918,
  "negative_to_positive_ratio_used": 20,
  "max_iter": 200,
  "tol": 0.001,
  "auprc_valid": 0.0013735472717064335,
  "roc_auc_valid": 0.8187673497397854,
  "precision_at_100_valid": 0.01,
  "precision_at_500_valid": 0.006,
  "precision_at_1000_valid": 0.003,
  "precision_at_5000_valid": 0.0028,
  "recall_at_500_valid": 0.017857142857142856,
  "recall_at_1000_valid": 0.017857142857142856,
  "lift_at_500_valid": 43.938857142857145,
  "lift_at_1000_valid": 21.969428571428573
}